c,h,l,n,o,t,v,vw
185.26,185.31,185.26,120,185.31,2024-01-03T00:00:00Z,2359,185.291289
185.23,185.24,185.15,187,185.24,2024-01-03T00:05:00Z,5499,185.226363
185.24,185.24,185.18,145,185.2,2024-01-03T00:10:00Z,4527,185.220156
185.26,185.29,185.19,140,185.2,2024-01-03T00:15:00Z,6241,185.264973
185.2491,185.3,185.2,120,185.29,2024-01-03T00:20:00Z,7167,185.275669
185.21,185.3,185.2,161,185.2,2024-01-03T00:25:00Z,6537,185.223473
185.18,185.23,185.18,136,185.2,2024-01-03T00:30:00Z,3693,185.199127
185.27,185.27,185.2,98,185.2,2024-01-03T00:35:00Z,2112,185.238969
185.2,185.27,185.2,66,185.27,2024-01-03T00:40:00Z,2031,185.240423
185.21,185.28,185.2,162,185.2,2024-01-03T00:45:00Z,3840,185.225056
185.24,185.25,185.21,154,185.2101,2024-01-03T00:50:00Z,5283,185.223028
185.2,185.28,185.2,187,185.24,2024-01-03T00:55:00Z,8166,185.223447
184.9,185,184.9,289,185,2024-01-03T09:00:00Z,8305,184.923741
184.88,184.88,184.73,156,184.85,2024-01-03T09:05:00Z,4403,184.84769
184.87,184.99,184.87,106,184.87,2024-01-03T09:10:00Z,3445,184.947084
184.86,184.94,184.86,82,184.93,2024-01-03T09:15:00Z,2395,184.879792
184.99,184.99,184.89,71,184.9,2024-01-03T09:20:00Z,2866,184.930839
184.92,184.93,184.92,56,184.93,2024-01-03T09:25:00Z,1232,184.92304
184.9,184.9,184.86,45,184.86,2024-01-03T09:35:00Z,1467,184.892
184.79,184.88,184.79,86,184.88,2024-01-03T09:40:00Z,1426,184.83049
184.76,184.76,184.76,17,184.76,2024-01-03T09:45:00Z,446,184.76
184.72,184.72,184.72,19,184.72,2024-01-03T09:50:00Z,402,184.72
184.72,184.72,184.72,33,184.72,2024-01-03T09:55:00Z,937,184.72
184.68,184.68,184.67,50,184.67,2024-01-03T10:00:00Z,921,184.673333
184.79,184.79,184.72,76,184.72,2024-01-03T10:05:00Z,2251,184.75433
184.8,184.8,184.77,70,184.77,2024-01-03T10:10:00Z,4540,184.797129
184.79,184.8,184.79,35,184.8,2024-01-03T10:15:00Z,1023,184.792402
184.77,184.81,184.77,35,184.78,2024-01-03T10:20:00Z,1463,184.776467
184.7,184.7,184.7,25,184.7,2024-01-03T10:25:00Z,1128,184.7
184.7,184.7,184.69,26,184.69,2024-01-03T10:30:00Z,692,184.693333
184.71,184.71,184.71,6,184.71,2024-01-03T10:35:00Z,203,184.71
184.8,184.8,184.77,29,184.77,2024-01-03T10:40:00Z,976,184.788447
184.8,184.83,184.8,62,184.83,2024-01-03T10:45:00Z,3023,184.828671
184.82,184.82,184.82,15,184.82,2024-01-03T10:50:00Z,522,184.82
184.73,184.73,184.73,38,184.73,2024-01-03T10:55:00Z,803,184.73
184.8,184.8,184.8,11,184.8,2024-01-03T11:00:00Z,196,184.8
184.82,184.83,184.82,13,184.83,2024-01-03T11:05:00Z,378,184.824975
184.74,184.74,184.74,34,184.74,2024-01-03T11:20:00Z,855,184.74
184.7,184.7,184.7,10,184.7,2024-01-03T11:25:00Z,250,184.7
184.76,184.76,184.66,118,184.66,2024-01-03T11:30:00Z,3149,184.742906
184.72,184.75,184.71,65,184.75,2024-01-03T11:35:00Z,5778,184.746528
184.75,184.76,184.75,50,184.75,2024-01-03T11:40:00Z,1047,184.753826
184.78,184.78,184.78,145,184.78,2024-01-03T11:45:00Z,1925,184.78
184.9,184.9,184.85,63,184.85,2024-01-03T11:50:00Z,3116,184.872942
185,185,184.9,173,184.9,2024-01-03T11:55:00Z,4686,184.972
184.88,184.99,184.88,216,184.95,2024-01-03T12:00:00Z,7065,184.926807
184.87,184.9,184.84,107,184.87,2024-01-03T12:05:00Z,3206,184.86881
184.9,184.95,184.89,154,184.94,2024-01-03T12:10:00Z,3691,184.918311
184.9,184.9,184.84,124,184.86,2024-01-03T12:15:00Z,2275,184.866324
184.72,184.88,184.72,346,184.88,2024-01-03T12:20:00Z,8654,184.799995
184.67,184.67,184.58,418,184.67,2024-01-03T12:25:00Z,9937,184.613905
184.55,184.61,184.5,357,184.61,2024-01-03T12:30:00Z,12933,184.555882
184.7,184.7,184.5,271,184.5,2024-01-03T12:35:00Z,7768,184.518697
184.56,184.88,184.56,249,184.7,2024-01-03T12:40:00Z,9664,184.745773
184.6,184.6,184.55,172,184.59,2024-01-03T12:45:00Z,4957,184.562388
184.67,184.72,184.65,118,184.65,2024-01-03T12:50:00Z,5286,184.660129
184.31,184.65,184.31,456,184.65,2024-01-03T12:55:00Z,13870,184.485565
184.2317,185.64,184.2,3542,184.975,2024-01-03T13:00:00Z,98099,184.782805
184.3016,184.4,184.19,500,184.19,2024-01-03T13:05:00Z,15729,184.2674
184.32,184.5,184.32,373,184.38,2024-01-03T13:10:00Z,11754,184.390097
184.56,184.56,184.3937,415,184.3937,2024-01-03T13:15:00Z,10719,184.472536
184.6661,184.7,184.53,450,184.6,2024-01-03T13:20:00Z,176695,184.594959
184.63,184.67,184.61,230,184.61,2024-01-03T13:25:00Z,6672,184.640218
184.6,184.61,184.48,438,184.61,2024-01-03T13:30:00Z,17225,184.56455
184.7399,184.7399,184.62,310,184.62,2024-01-03T13:35:00Z,9240,184.695627
184.72,184.75,184.7,373,184.73,2024-01-03T13:40:00Z,9483,184.718837
184.54,184.7,184.54,287,184.68,2024-01-03T13:45:00Z,5915,184.631908
184.72,184.8789,184.65,369,184.65,2024-01-03T13:50:00Z,24923,184.748666
184.65,184.78,184.65,414,184.66,2024-01-03T13:55:00Z,9267,184.720898
184.5295,184.8,184.47,710,184.68,2024-01-03T14:00:00Z,24524,184.593799
184.43,184.53,184.4,563,184.5,2024-01-03T14:05:00Z,19561,184.451665
184.119,184.43,184.1,951,184.43,2024-01-03T14:10:00Z,51868,184.218432
184.15,184.22,184,1593,184.1,2024-01-03T14:15:00Z,50685,184.078649
184.08,184.25,184.02,718,184.22,2024-01-03T14:20:00Z,39907,184.129266
184.3,184.3,183.5,2267,184,2024-01-03T14:25:00Z,130269,183.885153
185.6399,185.6887,183.86,33566,184.29,2024-01-03T14:30:00Z,3306034,184.707678
185.03,185.88,184.95,18817,185.63,2024-01-03T14:35:00Z,1704697,185.418164
184.82,185.19,184.71,12290,185.035,2024-01-03T14:40:00Z,1100281,184.91241
185.17,185.22,184.69,11811,184.82,2024-01-03T14:45:00Z,1104979,185.007432
185.045,185.35,184.95,10704,185.17,2024-01-03T14:50:00Z,917756,185.148284
184.7701,185.15,184.61,10627,185.04,2024-01-03T14:55:00Z,1431802,184.827646
184.82,185.29,184.56,13492,184.77,2024-01-03T15:00:00Z,1060972,184.856841
184.3613,184.8455,184.34,10128,184.825,2024-01-03T15:05:00Z,772744,184.538265
183.956,184.38,183.95,11328,184.365,2024-01-03T15:10:00Z,1156911,184.116656
183.915,184.14,183.855,8961,183.96,2024-01-03T15:15:00Z,702514,183.980809
183.75,183.95,183.71,9647,183.91,2024-01-03T15:20:00Z,807455,183.822858
183.9587,184.11,183.63,14855,183.75,2024-01-03T15:25:00Z,970814,183.848749
183.92,184.12,183.81,23384,183.955,2024-01-03T15:30:00Z,649020,183.971899
183.78,184.12,183.72,24307,183.925,2024-01-03T15:35:00Z,679645,183.944852
183.83,184.01,183.71,21321,183.76,2024-01-03T15:40:00Z,595975,183.891759
183.53,183.9085,183.495,23261,183.82,2024-01-03T15:45:00Z,757259,183.663015
183.79,183.845,183.45,23815,183.533,2024-01-03T15:50:00Z,640566,183.714287
183.86,183.9,183.5343,21633,183.79,2024-01-03T15:55:00Z,701184,183.710647
184.105,184.14,183.855,20602,183.855,2024-01-03T16:00:00Z,742899,183.992964
184.02,184.27,183.9603,12908,184.11,2024-01-03T16:05:00Z,662396,184.109636
183.9914,184.095,183.91,5410,184.02,2024-01-03T16:10:00Z,370533,184.002675
184,184.1676,183.91,5338,183.99,2024-01-03T16:15:00Z,381648,184.025056
183.93,184.12,183.875,5410,184.01,2024-01-03T16:20:00Z,386649,183.993648
184.2,184.21,183.91,5341,183.935,2024-01-03T16:25:00Z,472511,184.080573
184.2,184.38,184.15,6920,184.19,2024-01-03T16:30:00Z,659447,184.255215
184.06,184.335,184.06,4612,184.2,2024-01-03T16:35:00Z,411308,184.194218
183.8801,184.105,183.78,6461,184.07,2024-01-03T16:40:00Z,554806,183.89737
183.6343,183.945,183.6201,5483,183.8802,2024-01-03T16:45:00Z,448125,183.787249
183.615,183.71,183.5619,5538,183.632,2024-01-03T16:50:00Z,481179,183.632124
183.51,183.66,183.49,4651,183.6183,2024-01-03T16:55:00Z,324224,183.570642
183.7,183.7,183.43,6169,183.505,2024-01-03T17:00:00Z,586957,183.53869
183.72,183.88,183.6823,4919,183.695,2024-01-03T17:05:00Z,438870,183.75868
183.67,183.7474,183.56,4493,183.71,2024-01-03T17:10:00Z,333638,183.65814
183.78,183.8399,183.6,4228,183.67,2024-01-03T17:15:00Z,343798,183.743808
183.755,183.86,183.71,4353,183.775,2024-01-03T17:20:00Z,342828,183.788873
183.93,183.94,183.71,5056,183.76,2024-01-03T17:25:00Z,370643,183.849117
184,184.035,183.8517,4557,183.9271,2024-01-03T17:30:00Z,378428,183.945682
184.07,184.13,184.005,3706,184.005,2024-01-03T17:35:00Z,315082,184.073076
184.12,184.12,184.02,3831,184.06,2024-01-03T17:40:00Z,330712,184.074477
184.2232,184.255,184.11,3474,184.13,2024-01-03T17:45:00Z,317133,184.175959
184.225,184.27,184.175,3160,184.22,2024-01-03T17:50:00Z,263086,184.225915
184.335,184.37,184.1923,4098,184.221,2024-01-03T17:55:00Z,392242,184.271327
184.4298,184.515,184.315,4875,184.33,2024-01-03T18:00:00Z,475621,184.40026
184.3101,184.4387,184.26,3603,184.42,2024-01-03T18:05:00Z,328087,184.32879
184.3803,184.445,184.2381,3821,184.31,2024-01-03T18:10:00Z,321035,184.353416
184.485,184.5,184.345,3617,184.39,2024-01-03T18:15:00Z,299542,184.424845
184.4721,184.485,184.3801,3413,184.4801,2024-01-03T18:20:00Z,255016,184.432305
184.4731,184.55,184.42,3611,184.48,2024-01-03T18:25:00Z,291790,184.479263
184.455,184.56,184.31,4090,184.475,2024-01-03T18:30:00Z,294837,184.43292
184.44,184.48,184.34,3324,184.455,2024-01-03T18:35:00Z,240610,184.408197
184.3699,184.4994,184.36,3067,184.44,2024-01-03T18:40:00Z,247547,184.435411
184.195,184.46,184.19,3688,184.36,2024-01-03T18:45:00Z,321880,184.318586
184.2945,184.36,184.18,3484,184.2,2024-01-03T18:50:00Z,275035,184.270483
184.37,184.37,184.2015,3282,184.29,2024-01-03T18:55:00Z,231685,184.276585
184.03,184.5,184.03,8187,184.36,2024-01-03T19:00:00Z,653679,184.236523
184.3,184.345,183.805,6078,184.03,2024-01-03T19:05:00Z,473625,184.083782
184.31,184.46,184.21,4288,184.29,2024-01-03T19:10:00Z,353947,184.334608
184.365,184.43,184.0923,4841,184.32,2024-01-03T19:15:00Z,438814,184.309639
184.455,184.46,184.15,4160,184.365,2024-01-03T19:20:00Z,315101,184.337489
184.74,184.82,184.43,6290,184.45,2024-01-03T19:25:00Z,655292,184.675122
184.64,184.81,184.495,5356,184.7495,2024-01-03T19:30:00Z,438978,184.657961
184.6975,184.7401,184.525,3631,184.6313,2024-01-03T19:35:00Z,294774,184.634179
184.87,184.935,184.642,4550,184.685,2024-01-03T19:40:00Z,424015,184.802954
184.71,184.94,184.7,3832,184.865,2024-01-03T19:45:00Z,310948,184.799025
184.6099,184.75,184.58,3907,184.69,2024-01-03T19:50:00Z,343374,184.658347
184.6499,184.73,184.55,3426,184.605,2024-01-03T19:55:00Z,268810,184.641813
184.62,184.71,184.515,4248,184.65,2024-01-03T20:00:00Z,331842,184.622687
184.435,184.62,184.405,4880,184.62,2024-01-03T20:05:00Z,385136,184.492297
184.53,184.575,184.43,3963,184.435,2024-01-03T20:10:00Z,349107,184.514244
184.455,184.59,184.45,3648,184.54,2024-01-03T20:15:00Z,358892,184.524747
184.29,184.5,184.29,4335,184.455,2024-01-03T20:20:00Z,373321,184.41322
184.39,184.39,184.2101,4587,184.29,2024-01-03T20:25:00Z,377133,184.26458
184.4523,184.52,184.3218,6167,184.39,2024-01-03T20:30:00Z,537564,184.44814
184.42,184.51,184.3506,5198,184.455,2024-01-03T20:35:00Z,415602,184.43031
184.215,184.46,184.17,6292,184.43,2024-01-03T20:40:00Z,483238,184.336859
184.255,184.36,184.18,6143,184.22,2024-01-03T20:45:00Z,497058,184.260373
184.04,184.28,183.75,14479,184.26,2024-01-03T20:50:00Z,1224088,184.101637
184.24,184.38,184.05,18102,184.06,2024-01-03T20:55:00Z,1896972,184.283457
184.1997,184.33,184.1997,528,184.25,2024-01-03T21:00:00Z,9733981,184.250022
184.25,184.25,184.2,194,184.22,2024-01-03T21:05:00Z,487651,184.23725
184.26,184.26,184.24,138,184.25,2024-01-03T21:10:00Z,23840,184.249798
184.2,184.24,184.2,153,184.24,2024-01-03T21:15:00Z,2972,184.218204
184.24,184.24,184.22,105,184.24,2024-01-03T21:20:00Z,2293,184.233585
184.21,184.24,184.21,121,184.24,2024-01-03T21:25:00Z,2537,184.216629
184.2,184.23,184.2,162,184.23,2024-01-03T21:30:00Z,3627,184.218807
184.19,184.2,184.03,167,184.2,2024-01-03T21:35:00Z,6154,184.146423
184.25,184.25,184.15,190,184.15,2024-01-03T21:40:00Z,10261,184.215773
184.23,184.26,184.21,152,184.26,2024-01-03T21:45:00Z,11514,184.247924
184.2,184.2101,184.2,51,184.2101,2024-01-03T21:50:00Z,1801312,184.201637
184.2,184.2,184.2,50,184.2,2024-01-03T21:55:00Z,1148,184.2
184.14,184.2,184.12,131,184.18,2024-01-03T22:00:00Z,7140,184.164518
184.033,184.25,184.0201,169,184.14,2024-01-03T22:05:00Z,11407,184.152373
184.09,184.13,184.09,87,184.13,2024-01-03T22:10:00Z,11979,184.108624
184.06,184.1,184.0526,66,184.09,2024-01-03T22:15:00Z,1657,184.074782
184.1,184.1,184.06,116,184.06,2024-01-03T22:20:00Z,4209,184.092681
184.14,184.14,184.12,64,184.12,2024-01-03T22:25:00Z,9622,184.122133
184.15,184.15,184.14,51,184.15,2024-01-03T22:30:00Z,995,184.147975
184.15,184.15,184.13,57,184.13,2024-01-03T22:35:00Z,689,184.143245
184.16,184.16,184.13,48,184.1322,2024-01-03T22:40:00Z,1280,184.146824
184.2,184.25,184.1991,30,184.25,2024-01-03T22:45:00Z,25385,184.24959
184.2,184.2,184.15,76,184.15,2024-01-03T22:50:00Z,5158,184.171597
184.13,184.13,184.13,53,184.13,2024-01-03T22:55:00Z,1038,184.13
184.2985,184.3,184.18,135,184.18,2024-01-03T23:00:00Z,9065,184.279576
184.21,184.27,184.21,39,184.27,2024-01-03T23:05:00Z,1570,184.218973
184.2395,184.2395,184.21,61,184.23,2024-01-03T23:10:00Z,2368,184.229764
184.17,184.1962,184.17,27,184.1962,2024-01-03T23:15:00Z,1034,184.181644
184.25,184.25,184.22,33,184.22,2024-01-03T23:20:00Z,732,184.237717
184.25,184.25,184.25,17,184.25,2024-01-03T23:25:00Z,346,184.25
184.25,184.25,184.2001,38,184.2001,2024-01-03T23:30:00Z,682,184.224497
184.23,184.23,184.23,15,184.23,2024-01-03T23:40:00Z,120,184.23
184.22,184.22,184.2,56,184.2,2024-01-03T23:45:00Z,3421,184.20484
184.2301,184.25,184.21,70,184.21,2024-01-03T23:50:00Z,2814,184.22544
184.29,184.29,184.2,67,184.25,2024-01-03T23:55:00Z,4295,184.238536
184.19,184.2,184.15,85,184.2,2024-01-04T00:00:00Z,1858,184.177322
